<?xml version="1.0" encoding="UTF-8"?>
<project-private xmlns="http://www.netbeans.org/ns/project-private/1">
    <editor-bookmarks xmlns="http://www.netbeans.org/ns/editor-bookmarks/2" lastBookmarkId="0"/>
    <open-files xmlns="http://www.netbeans.org/ns/projectui-open-files/2">
        <group>
            <file>file:/C:/Users/cydia/Desktop/UNAM/Ingenieria%20en%20Computacion/3er%20Semestre/EDA%202/Practicas/Practica10/Practica10EDA/src/practica10eda/Archivo.java</file>
            <file>file:/C:/Users/cydia/Desktop/UNAM/Ingenieria%20en%20Computacion/3er%20Semestre/EDA%202/Practicas/Practica10/Practica10EDA/src/practica10eda/Practica10EDA.java</file>
        </group>
    </open-files>
</project-private>
