<?xml version="1.0" encoding="UTF-8"?>
<project-private xmlns="http://www.netbeans.org/ns/project-private/1">
    <editor-bookmarks xmlns="http://www.netbeans.org/ns/editor-bookmarks/2" lastBookmarkId="0"/>
    <open-files xmlns="http://www.netbeans.org/ns/projectui-open-files/2">
        <group>
            <file>file:/C:/Users/Brain/Documents/EDA%20II/P8-P9/Arboles/src/ArbolBin.java</file>
            <file>file:/C:/Users/Brain/Documents/EDA%20II/P8-P9/Arboles/src/ArbolBinBusq.java</file>
            <file>file:/C:/Users/Brain/Documents/EDA%20II/P8-P9/Arboles/src/BTree.java</file>
            <file>file:/C:/Users/Brain/Documents/EDA%20II/P8-P9/Arboles/src/Nodo.java</file>
            <file>file:/C:/Users/Brain/Documents/EDA%20II/P8-P9/Arboles/src/Pruebas.java</file>
            <file>file:/C:/Users/Brain/Documents/EDA%20II/P8-P9/Arboles/src/BNode.java</file>
        </group>
    </open-files>
</project-private>
